{
  "src": [
    "sprites.webm",
    "sprites.mp3"
  ],
  "sprite": {
    "loop1": [
      0,
      10055.986394557824
    ],
    "loop2": [
      12000,
      10055.986394557824
    ]
  }
}